available_markets,disc_number,duration_ms,explicit,href,id,is_local,name,popularity,preview_url,track_number,type,uri,artist_name,unnamed:_0,lead_streams,feats,tracks,one_billion,100_million,last_updated
"['AD', 'AE', 'AG', 'AL', 'AM', 'AO', 'AR', 'AT', 'AU', 'AZ', 'BA', 'BB', 'BD', 'BE', 'BF', 'BG', 'BH', 'BI', 'BJ', 'BN', 'BO', 'BR', 'BS', 'BT', 'BW', 'BZ', 'CA', 'CD', 'CG', 'CH', 'CI', 'CL', 'CM', 'CO', 'CR', 'CV', 'CW', 'CY', 'CZ', 'DE', 'DJ', 'DK', 'DM', 'DO', 'DZ', 'EC', 'EE', 'EG', 'ES', 'FI', 'FJ', 'FM', 'FR', 'GA', 'GB', 'GD', 'GE', 'GH', 'GM', 'GN', 'GQ', 'GR', 'GT', 'GW', 'GY', 'HK', 'HN', 'HR', 'HT', 'HU', 'ID', 'IE', 'IL', 'IN', 'IQ', 'IS', 'IT', 'JM', 'JO', 'JP', 'KE', 'KG', 'KH', 'KI', 'KM', 'KN', 'KR', 'KW', 'KZ', 'LA', 'LB', 'LC', 'LI', 'LK', 'LR', 'LS', 'LT', 'LU', 'LV', 'LY', 'MA', 'MC', 'MD', 'ME', 'MG', 'MH', 'MK', 'ML', 'MN', 'MO', 'MR', 'MT', 'MU', 'MV', 'MW', 'MX', 'MY', 'MZ', 'NA', 'NE', 'NG', 'NI', 'NL', 'NO', 'NP', 'NR', 'NZ', 'OM', 'PA', 'PE', 'PG', 'PH', 'PK', 'PL', 'PS', 'PT', 'PW', 'PY', 'QA', 'RO', 'RS', 'RW', 'SA', 'SB', 'SC', 'SE', 'SG', 'SI', 'SK', 'SL', 'SM', 'SN', 'SR', 'ST', 'SV', 'SZ', 'TD', 'TG', 'TH', 'TJ', 'TL', 'TN', 'TO', 'TR', 'TT', 'TV', 'TW', 'TZ', 'UA', 'UG', 'US', 'UY', 'UZ', 'VC', 'VE', 'VN', 'VU', 'WS', 'XK', 'ZA', 'ZM', 'ZW']",1,239359,True,https://api.spotify.com/v1/tracks/1bDbXMyjaUIooNwFE9wn0N,1bDbXMyjaUIooNwFE9wn0N,False,Rich Flex,96,https://p.scdn.co/mp3-preview/a1586c5c9b24718272ad8d06128cb9d8c519a3fa?cid=dbe4eb7f254840e1b3556064214ac2b2,1,track,spotify:track:1bDbXMyjaUIooNwFE9wn0N,Drake,1,"50,162,292,808","19,246,513,666",262,6,130,19.09.22
"['AD', 'AE', 'AG', 'AL', 'AM', 'AO', 'AR', 'AT', 'AU', 'AZ', 'BA', 'BB', 'BD', 'BE', 'BG', 'BH', 'BI', 'BJ', 'BO', 'BR', 'BS', 'BT', 'BW', 'BY', 'BZ', 'CA', 'CD', 'CG', 'CH', 'CI', 'CL', 'CM', 'CO', 'CR', 'CV', 'CW', 'CY', 'CZ', 'DE', 'DJ', 'DK', 'DM', 'DO', 'DZ', 'EC', 'EE', 'EG', 'ES', 'FI', 'FJ', 'FM', 'FR', 'GA', 'GB', 'GD', 'GE', 'GH', 'GM', 'GN', 'GQ', 'GR', 'GT', 'GW', 'GY', 'HK', 'HN', 'HR', 'HT', 'HU', 'ID', 'IE', 'IL', 'IN', 'IQ', 'IS', 'IT', 'JM', 'JO', 'JP', 'KE', 'KG', 'KH', 'KI', 'KM', 'KN', 'KR', 'KW', 'KZ', 'LA', 'LB', 'LC', 'LI', 'LK', 'LR', 'LS', 'LT', 'LU', 'LV', 'LY', 'MA', 'MC', 'MD', 'ME', 'MG', 'MH', 'MK', 'ML', 'MN', 'MO', 'MR', 'MT', 'MU', 'MV', 'MW', 'MX', 'MY', 'MZ', 'NA', 'NE', 'NG', 'NI', 'NL', 'NO', 'NR', 'NZ', 'OM', 'PA', 'PE', 'PG', 'PH', 'PK', 'PL', 'PS', 'PT', 'PW', 'PY', 'QA', 'RO', 'RS', 'RW', 'SA', 'SB', 'SC', 'SE', 'SG', 'SI', 'SK', 'SL', 'SM', 'SN', 'SR', 'ST', 'SV', 'SZ', 'TD', 'TG', 'TH', 'TJ', 'TL', 'TN', 'TO', 'TR', 'TT', 'TV', 'TW', 'TZ', 'UA', 'UG', 'US', 'UY', 'VC', 'VE', 'VN', 'VU', 'WS', 'XK', 'ZA', 'ZM', 'ZW']",1,198973,True,https://api.spotify.com/v1/tracks/6DCZcSspjsKoFjzjrWoCdn,6DCZcSspjsKoFjzjrWoCdn,False,God's Plan,85,https://p.scdn.co/mp3-preview/997cd19a9e46b086516c57114a4ba6da5b078d91?cid=dbe4eb7f254840e1b3556064214ac2b2,5,track,spotify:track:6DCZcSspjsKoFjzjrWoCdn,Drake,1,"50,162,292,808","19,246,513,666",262,6,130,19.09.22
"['AD', 'AE', 'AG', 'AL', 'AM', 'AO', 'AR', 'AT', 'AU', 'AZ', 'BA', 'BB', 'BD', 'BE', 'BF', 'BG', 'BH', 'BI', 'BJ', 'BN', 'BO', 'BR', 'BS', 'BT', 'BW', 'BZ', 'CA', 'CD', 'CG', 'CH', 'CI', 'CL', 'CM', 'CO', 'CR', 'CV', 'CW', 'CY', 'CZ', 'DE', 'DJ', 'DK', 'DM', 'DO', 'DZ', 'EC', 'EE', 'EG', 'ES', 'FI', 'FJ', 'FM', 'FR', 'GA', 'GB', 'GD', 'GE', 'GH', 'GM', 'GN', 'GQ', 'GR', 'GT', 'GW', 'GY', 'HK', 'HN', 'HR', 'HT', 'HU', 'ID', 'IE', 'IL', 'IN', 'IQ', 'IS', 'IT', 'JM', 'JO', 'JP', 'KE', 'KG', 'KH', 'KI', 'KM', 'KN', 'KR', 'KW', 'KZ', 'LA', 'LB', 'LC', 'LI', 'LK', 'LR', 'LS', 'LT', 'LU', 'LV', 'LY', 'MA', 'MC', 'MD', 'ME', 'MG', 'MH', 'MK', 'ML', 'MN', 'MO', 'MR', 'MT', 'MU', 'MV', 'MW', 'MX', 'MY', 'MZ', 'NA', 'NE', 'NG', 'NI', 'NL', 'NO', 'NP', 'NR', 'NZ', 'OM', 'PA', 'PE', 'PG', 'PH', 'PK', 'PL', 'PS', 'PT', 'PW', 'PY', 'QA', 'RO', 'RS', 'RW', 'SA', 'SB', 'SC', 'SE', 'SG', 'SI', 'SK', 'SL', 'SM', 'SN', 'SR', 'ST', 'SV', 'SZ', 'TD', 'TG', 'TH', 'TJ', 'TL', 'TN', 'TO', 'TR', 'TT', 'TV', 'TW', 'TZ', 'UA', 'UG', 'US', 'UY', 'UZ', 'VC', 'VE', 'VN', 'VU', 'WS', 'XK', 'ZA', 'ZM', 'ZW']",1,243227,True,https://api.spotify.com/v1/tracks/4rmVZajAF7PkrCagGPHbqa,4rmVZajAF7PkrCagGPHbqa,False,Sticky,80,https://p.scdn.co/mp3-preview/6e7164a9bf19371e2f33f010652259b1a36050c6?cid=dbe4eb7f254840e1b3556064214ac2b2,7,track,spotify:track:4rmVZajAF7PkrCagGPHbqa,Drake,1,"50,162,292,808","19,246,513,666",262,6,130,19.09.22
"['AD', 'AE', 'AG', 'AL', 'AM', 'AO', 'AR', 'AT', 'AU', 'AZ', 'BA', 'BB', 'BD', 'BE', 'BF', 'BG', 'BH', 'BI', 'BJ', 'BN', 'BO', 'BR', 'BS', 'BT', 'BW', 'BZ', 'CA', 'CD', 'CG', 'CH', 'CI', 'CL', 'CM', 'CO', 'CR', 'CV', 'CW', 'CY', 'CZ', 'DE', 'DJ', 'DK', 'DM', 'DO', 'DZ', 'EC', 'EE', 'EG', 'ES', 'FI', 'FJ', 'FM', 'FR', 'GA', 'GB', 'GD', 'GE', 'GH', 'GM', 'GN', 'GQ', 'GR', 'GT', 'GW', 'GY', 'HK', 'HN', 'HR', 'HT', 'HU', 'ID', 'IE', 'IL', 'IN', 'IQ', 'IS', 'IT', 'JM', 'JO', 'JP', 'KE', 'KG', 'KH', 'KI', 'KM', 'KN', 'KR', 'KW', 'KZ', 'LA', 'LB', 'LC', 'LI', 'LK', 'LR', 'LS', 'LT', 'LU', 'LV', 'LY', 'MA', 'MC', 'MD', 'ME', 'MG', 'MH', 'MK', 'ML', 'MN', 'MO', 'MR', 'MT', 'MU', 'MV', 'MW', 'MX', 'MY', 'MZ', 'NA', 'NE', 'NG', 'NI', 'NL', 'NO', 'NP', 'NR', 'NZ', 'OM', 'PA', 'PE', 'PG', 'PH', 'PK', 'PL', 'PS', 'PT', 'PW', 'PY', 'QA', 'RO', 'RS', 'RW', 'SA', 'SB', 'SC', 'SE', 'SG', 'SI', 'SK', 'SL', 'SM', 'SN', 'SR', 'ST', 'SV', 'SZ', 'TD', 'TG', 'TH', 'TJ', 'TL', 'TN', 'TO', 'TR', 'TT', 'TV', 'TW', 'TZ', 'UA', 'UG', 'US', 'UY', 'UZ', 'VC', 'VE', 'VN', 'VU', 'WS', 'XK', 'ZA', 'ZM', 'ZW']",1,218364,True,https://api.spotify.com/v1/tracks/3F5CgOj3wFlRv51JsHbxhe,3F5CgOj3wFlRv51JsHbxhe,False,Jimmy Cooks (feat. 21 Savage),90,https://p.scdn.co/mp3-preview/3455b7b67e62ad62aaaaff8c55202fc15bc3da89?cid=dbe4eb7f254840e1b3556064214ac2b2,14,track,spotify:track:3F5CgOj3wFlRv51JsHbxhe,Drake,1,"50,162,292,808","19,246,513,666",262,6,130,19.09.22
"['AD', 'AE', 'AG', 'AL', 'AM', 'AO', 'AR', 'AT', 'AU', 'AZ', 'BA', 'BB', 'BD', 'BE', 'BF', 'BG', 'BH', 'BI', 'BJ', 'BN', 'BO', 'BR', 'BS', 'BT', 'BW', 'BY', 'BZ', 'CA', 'CD', 'CG', 'CH', 'CI', 'CL', 'CM', 'CO', 'CR', 'CV', 'CW', 'CY', 'CZ', 'DE', 'DJ', 'DK', 'DM', 'DO', 'DZ', 'EC', 'EE', 'EG', 'ES', 'FI', 'FJ', 'FM', 'FR', 'GA', 'GB', 'GD', 'GE', 'GH', 'GM', 'GN', 'GQ', 'GR', 'GT', 'GW', 'GY', 'HK', 'HN', 'HR', 'HT', 'HU', 'ID', 'IE', 'IL', 'IN', 'IQ', 'IS', 'IT', 'JM', 'JO', 'JP', 'KE', 'KG', 'KH', 'KI', 'KM', 'KN', 'KR', 'KW', 'KZ', 'LA', 'LB', 'LC', 'LI', 'LK', 'LR', 'LS', 'LT', 'LU', 'LV', 'LY', 'MA', 'MC', 'MD', 'ME', 'MG', 'MH', 'MK', 'ML', 'MN', 'MO', 'MR', 'MT', 'MU', 'MV', 'MW', 'MX', 'MY', 'MZ', 'NA', 'NE', 'NG', 'NI', 'NL', 'NO', 'NP', 'NR', 'NZ', 'OM', 'PA', 'PE', 'PG', 'PH', 'PK', 'PL', 'PS', 'PT', 'PW', 'PY', 'QA', 'RO', 'RS', 'RW', 'SA', 'SB', 'SC', 'SE', 'SG', 'SI', 'SK', 'SL', 'SM', 'SN', 'SR', 'ST', 'SV', 'SZ', 'TD', 'TG', 'TH', 'TJ', 'TL', 'TN', 'TO', 'TR', 'TT', 'TV', 'TW', 'TZ', 'UA', 'UG', 'US', 'UY', 'UZ', 'VC', 'VE', 'VN', 'VU', 'WS', 'XK', 'ZA', 'ZM', 'ZW']",1,189893,True,https://api.spotify.com/v1/tracks/59nOXPmaKlBfGMDeOVGrIK,59nOXPmaKlBfGMDeOVGrIK,False,WAIT FOR U (feat. Drake & Tems),88,https://p.scdn.co/mp3-preview/73b53fb525ad3f82ce4364770756188aa06605c7?cid=dbe4eb7f254840e1b3556064214ac2b2,7,track,spotify:track:59nOXPmaKlBfGMDeOVGrIK,Drake,1,"50,162,292,808","19,246,513,666",262,6,130,19.09.22
"['AD', 'AE', 'AG', 'AL', 'AM', 'AO', 'AR', 'AT', 'AU', 'AZ', 'BA', 'BB', 'BD', 'BE', 'BF', 'BG', 'BH', 'BI', 'BJ', 'BN', 'BO', 'BR', 'BS', 'BT', 'BW', 'BY', 'BZ', 'CA', 'CD', 'CG', 'CH', 'CI', 'CL', 'CM', 'CO', 'CR', 'CV', 'CW', 'CY', 'CZ', 'DE', 'DJ', 'DK', 'DM', 'DO', 'DZ', 'EC', 'EE', 'EG', 'ES', 'FI', 'FJ', 'FM', 'FR', 'GA', 'GB', 'GD', 'GE', 'GH', 'GM', 'GN', 'GQ', 'GR', 'GT', 'GW', 'GY', 'HK', 'HN', 'HR', 'HT', 'HU', 'ID', 'IE', 'IL', 'IN', 'IQ', 'IS', 'IT', 'JM', 'JO', 'JP', 'KE', 'KG', 'KH', 'KI', 'KM', 'KN', 'KR', 'KW', 'KZ', 'LA', 'LB', 'LC', 'LI', 'LK', 'LR', 'LS', 'LT', 'LU', 'LV', 'LY', 'MA', 'MC', 'MD', 'ME', 'MG', 'MH', 'MK', 'ML', 'MN', 'MO', 'MR', 'MT', 'MU', 'MV', 'MW', 'MX', 'MY', 'MZ', 'NA', 'NE', 'NG', 'NI', 'NL', 'NO', 'NP', 'NR', 'NZ', 'OM', 'PA', 'PE', 'PG', 'PH', 'PK', 'PL', 'PS', 'PT', 'PW', 'PY', 'QA', 'RO', 'RS', 'RW', 'SA', 'SB', 'SC', 'SE', 'SG', 'SI', 'SK', 'SL', 'SM', 'SN', 'SR', 'ST', 'SV', 'SZ', 'TD', 'TG', 'TH', 'TJ', 'TL', 'TN', 'TO', 'TR', 'TT', 'TV', 'TW', 'TZ', 'UA', 'UG', 'US', 'UY', 'UZ', 'VC', 'VE', 'VN', 'VU', 'WS', 'XK', 'ZA', 'ZM', 'ZW']",1,336511,True,https://api.spotify.com/v1/tracks/2HSmyk2qMN8WQjuGhaQgCk,2HSmyk2qMN8WQjuGhaQgCk,False,Champagne Poetry,77,https://p.scdn.co/mp3-preview/e6e5094db94b0a8b165e8d76b5d075485e03fdf8?cid=dbe4eb7f254840e1b3556064214ac2b2,1,track,spotify:track:2HSmyk2qMN8WQjuGhaQgCk,Drake,1,"50,162,292,808","19,246,513,666",262,6,130,19.09.22
"['AD', 'AE', 'AG', 'AL', 'AM', 'AO', 'AR', 'AT', 'AU', 'AZ', 'BA', 'BB', 'BD', 'BE', 'BF', 'BG', 'BH', 'BI', 'BJ', 'BN', 'BO', 'BR', 'BS', 'BT', 'BW', 'BZ', 'CA', 'CD', 'CG', 'CH', 'CI', 'CL', 'CM', 'CO', 'CR', 'CV', 'CW', 'CY', 'CZ', 'DE', 'DJ', 'DK', 'DM', 'DO', 'DZ', 'EC', 'EE', 'EG', 'ES', 'FI', 'FJ', 'FM', 'FR', 'GA', 'GB', 'GD', 'GE', 'GH', 'GM', 'GN', 'GQ', 'GR', 'GT', 'GW', 'GY', 'HK', 'HN', 'HR', 'HT', 'HU', 'ID', 'IE', 'IL', 'IN', 'IQ', 'IS', 'IT', 'JM', 'JO', 'JP', 'KE', 'KG', 'KH', 'KI', 'KM', 'KN', 'KR', 'KW', 'KZ', 'LA', 'LB', 'LC', 'LI', 'LK', 'LR', 'LS', 'LT', 'LU', 'LV', 'LY', 'MA', 'MC', 'MD', 'ME', 'MG', 'MH', 'MK', 'ML', 'MN', 'MO', 'MR', 'MT', 'MU', 'MV', 'MW', 'MX', 'MY', 'MZ', 'NA', 'NE', 'NG', 'NI', 'NL', 'NO', 'NP', 'NR', 'NZ', 'OM', 'PA', 'PE', 'PG', 'PH', 'PK', 'PL', 'PS', 'PT', 'PW', 'PY', 'QA', 'RO', 'RS', 'RW', 'SA', 'SB', 'SC', 'SE', 'SG', 'SI', 'SK', 'SL', 'SM', 'SN', 'SR', 'ST', 'SV', 'SZ', 'TD', 'TG', 'TH', 'TJ', 'TL', 'TN', 'TO', 'TR', 'TT', 'TV', 'TW', 'TZ', 'UA', 'UG', 'US', 'UY', 'UZ', 'VC', 'VE', 'VN', 'VU', 'WS', 'XK', 'ZA', 'ZM', 'ZW']",1,242026,True,https://api.spotify.com/v1/tracks/2KLwPaRDOB87XOYAT2fgxh,2KLwPaRDOB87XOYAT2fgxh,False,Pussy & Millions (feat. Travis Scott),88,https://p.scdn.co/mp3-preview/7c08f649c7aba5e7ac7ee9d761cd38cadd062c8a?cid=dbe4eb7f254840e1b3556064214ac2b2,10,track,spotify:track:2KLwPaRDOB87XOYAT2fgxh,Drake,1,"50,162,292,808","19,246,513,666",262,6,130,19.09.22
"['AD', 'AE', 'AG', 'AL', 'AM', 'AO', 'AR', 'AT', 'AU', 'AZ', 'BA', 'BB', 'BD', 'BE', 'BG', 'BH', 'BI', 'BJ', 'BO', 'BR', 'BS', 'BT', 'BW', 'BY', 'BZ', 'CA', 'CD', 'CG', 'CH', 'CI', 'CL', 'CM', 'CO', 'CR', 'CV', 'CW', 'CY', 'CZ', 'DE', 'DJ', 'DK', 'DM', 'DO', 'DZ', 'EC', 'EE', 'EG', 'ES', 'FI', 'FJ', 'FM', 'FR', 'GA', 'GB', 'GD', 'GE', 'GH', 'GM', 'GN', 'GQ', 'GR', 'GT', 'GW', 'GY', 'HK', 'HN', 'HR', 'HT', 'HU', 'ID', 'IE', 'IL', 'IN', 'IQ', 'IS', 'IT', 'JM', 'JO', 'JP', 'KE', 'KG', 'KH', 'KI', 'KM', 'KN', 'KR', 'KW', 'KZ', 'LA', 'LB', 'LC', 'LI', 'LK', 'LR', 'LS', 'LT', 'LU', 'LV', 'LY', 'MA', 'MC', 'MD', 'ME', 'MG', 'MH', 'MK', 'ML', 'MN', 'MO', 'MR', 'MT', 'MU', 'MV', 'MW', 'MX', 'MY', 'MZ', 'NA', 'NE', 'NG', 'NI', 'NL', 'NO', 'NR', 'NZ', 'OM', 'PA', 'PE', 'PG', 'PH', 'PK', 'PL', 'PS', 'PT', 'PW', 'PY', 'QA', 'RO', 'RS', 'RW', 'SA', 'SB', 'SC', 'SE', 'SG', 'SI', 'SK', 'SL', 'SM', 'SN', 'SR', 'ST', 'SV', 'SZ', 'TD', 'TG', 'TH', 'TJ', 'TL', 'TN', 'TO', 'TR', 'TT', 'TV', 'TW', 'TZ', 'UA', 'UG', 'US', 'UY', 'VC', 'VE', 'VN', 'VU', 'WS', 'XK', 'ZA', 'ZM', 'ZW']",2,217925,True,https://api.spotify.com/v1/tracks/2G7V7zsVDxg1yRsu7Ew9RJ,2G7V7zsVDxg1yRsu7Ew9RJ,False,In My Feelings,76,https://p.scdn.co/mp3-preview/8362bbc90d66e45ee558d54dfc4ac760b6583c5d?cid=dbe4eb7f254840e1b3556064214ac2b2,9,track,spotify:track:2G7V7zsVDxg1yRsu7Ew9RJ,Drake,1,"50,162,292,808","19,246,513,666",262,6,130,19.09.22
"['AD', 'AE', 'AG', 'AL', 'AM', 'AO', 'AR', 'AT', 'AU', 'AZ', 'BA', 'BB', 'BD', 'BE', 'BF', 'BG', 'BH', 'BI', 'BJ', 'BN', 'BO', 'BR', 'BS', 'BT', 'BW', 'BZ', 'CA', 'CD', 'CG', 'CH', 'CI', 'CL', 'CM', 'CO', 'CR', 'CV', 'CW', 'CY', 'CZ', 'DE', 'DJ', 'DK', 'DM', 'DO', 'DZ', 'EC', 'EE', 'EG', 'ES', 'FI', 'FJ', 'FM', 'FR', 'GA', 'GB', 'GD', 'GE', 'GH', 'GM', 'GN', 'GQ', 'GR', 'GT', 'GW', 'GY', 'HK', 'HN', 'HR', 'HT', 'HU', 'ID', 'IE', 'IL', 'IN', 'IQ', 'IS', 'IT', 'JM', 'JO', 'JP', 'KE', 'KG', 'KH', 'KI', 'KM', 'KN', 'KR', 'KW', 'KZ', 'LA', 'LB', 'LC', 'LI', 'LK', 'LR', 'LS', 'LT', 'LU', 'LV', 'LY', 'MA', 'MC', 'MD', 'ME', 'MG', 'MH', 'MK', 'ML', 'MN', 'MO', 'MR', 'MT', 'MU', 'MV', 'MW', 'MX', 'MY', 'MZ', 'NA', 'NE', 'NG', 'NI', 'NL', 'NO', 'NP', 'NR', 'NZ', 'OM', 'PA', 'PE', 'PG', 'PH', 'PK', 'PL', 'PS', 'PT', 'PW', 'PY', 'QA', 'RO', 'RS', 'RW', 'SA', 'SB', 'SC', 'SE', 'SG', 'SI', 'SK', 'SL', 'SM', 'SN', 'SR', 'ST', 'SV', 'SZ', 'TD', 'TG', 'TH', 'TJ', 'TL', 'TN', 'TO', 'TR', 'TT', 'TV', 'TW', 'TZ', 'UA', 'UG', 'US', 'UY', 'UZ', 'VC', 'VE', 'VN', 'VU', 'WS', 'XK', 'ZA', 'ZM', 'ZW']",1,180098,True,https://api.spotify.com/v1/tracks/4Flfb4fGscN9kXPOduQLrv,4Flfb4fGscN9kXPOduQLrv,False,Treacherous Twins,79,https://p.scdn.co/mp3-preview/dcb8040eb747fd4977c3dc66fb2998d62e6ba0ae?cid=dbe4eb7f254840e1b3556064214ac2b2,8,track,spotify:track:4Flfb4fGscN9kXPOduQLrv,Drake,1,"50,162,292,808","19,246,513,666",262,6,130,19.09.22
"['AD', 'AE', 'AG', 'AL', 'AM', 'AO', 'AR', 'AT', 'AU', 'AZ', 'BA', 'BB', 'BD', 'BE', 'BF', 'BG', 'BH', 'BI', 'BJ', 'BN', 'BO', 'BR', 'BS', 'BT', 'BW', 'BY', 'BZ', 'CA', 'CD', 'CG', 'CH', 'CI', 'CL', 'CM', 'CO', 'CR', 'CV', 'CW', 'CY', 'CZ', 'DE', 'DJ', 'DK', 'DM', 'DO', 'DZ', 'EC', 'EE', 'EG', 'ES', 'FI', 'FJ', 'FM', 'FR', 'GA', 'GB', 'GD', 'GE', 'GH', 'GM', 'GN', 'GQ', 'GR', 'GT', 'GW', 'GY', 'HK', 'HN', 'HR', 'HT', 'HU', 'ID', 'IE', 'IL', 'IN', 'IQ', 'IS', 'IT', 'JM', 'JO', 'JP', 'KE', 'KG', 'KH', 'KI', 'KM', 'KN', 'KR', 'KW', 'KZ', 'LA', 'LB', 'LC', 'LI', 'LK', 'LR', 'LS', 'LT', 'LU', 'LV', 'LY', 'MA', 'MC', 'MD', 'ME', 'MG', 'MH', 'MK', 'ML', 'MN', 'MO', 'MR', 'MT', 'MU', 'MV', 'MW', 'MX', 'MY', 'MZ', 'NA', 'NE', 'NG', 'NI', 'NL', 'NO', 'NP', 'NR', 'NZ', 'OM', 'PA', 'PE', 'PG', 'PH', 'PK', 'PL', 'PS', 'PT', 'PW', 'PY', 'QA', 'RO', 'RS', 'RW', 'SA', 'SB', 'SC', 'SE', 'SG', 'SI', 'SK', 'SL', 'SM', 'SN', 'SR', 'ST', 'SV', 'SZ', 'TD', 'TG', 'TH', 'TJ', 'TL', 'TN', 'TO', 'TR', 'TT', 'TV', 'TW', 'TZ', 'UA', 'UG', 'US', 'UY', 'UZ', 'VC', 'VE', 'VN', 'VU', 'WS', 'XK', 'ZA', 'ZM', 'ZW']",1,247058,True,https://api.spotify.com/v1/tracks/127QTOFJsJQp5LbJbu3A1y,127QTOFJsJQp5LbJbu3A1y,False,Toosie Slide,74,https://p.scdn.co/mp3-preview/702dcad1e6fb295dbd72878b7c751b485e548d75?cid=dbe4eb7f254840e1b3556064214ac2b2,1,track,spotify:track:127QTOFJsJQp5LbJbu3A1y,Drake,1,"50,162,292,808","19,246,513,666",262,6,130,19.09.22
"['CA', 'MX', 'US']",1,244760,False,https://api.spotify.com/v1/tracks/11BKm0j4eYoCPPpCONAVwA,11BKm0j4eYoCPPpCONAVwA,False,Bloody Mary,82,https://p.scdn.co/mp3-preview/4e098efa71b70d60bf8d6cda1d023542ad522a12?cid=dbe4eb7f254840e1b3556064214ac2b2,8,track,spotify:track:11BKm0j4eYoCPPpCONAVwA,Lady Gaga,38,"14,897,662,581","94,739,265",314,1,27,19.09.22
"['AD', 'AE', 'AG', 'AL', 'AM', 'AO', 'AR', 'AT', 'AU', 'AZ', 'BA', 'BB', 'BD', 'BE', 'BF', 'BG', 'BH', 'BI', 'BJ', 'BN', 'BO', 'BR', 'BS', 'BT', 'BW', 'BY', 'BZ', 'CA', 'CD', 'CG', 'CH', 'CI', 'CL', 'CM', 'CO', 'CR', 'CV', 'CW', 'CY', 'CZ', 'DE', 'DJ', 'DK', 'DM', 'DO', 'DZ', 'EC', 'EE', 'EG', 'ES', 'ET', 'FI', 'FJ', 'FM', 'FR', 'GA', 'GB', 'GD', 'GE', 'GH', 'GM', 'GN', 'GQ', 'GR', 'GT', 'GW', 'GY', 'HK', 'HN', 'HR', 'HT', 'HU', 'ID', 'IE', 'IL', 'IN', 'IQ', 'IS', 'IT', 'JM', 'JO', 'JP', 'KE', 'KG', 'KH', 'KI', 'KM', 'KN', 'KR', 'KW', 'KZ', 'LA', 'LB', 'LC', 'LI', 'LK', 'LR', 'LS', 'LT', 'LU', 'LV', 'LY', 'MA', 'MC', 'MD', 'ME', 'MG', 'MH', 'MK', 'ML', 'MN', 'MO', 'MR', 'MT', 'MU', 'MV', 'MW', 'MX', 'MY', 'MZ', 'NA', 'NE', 'NG', 'NI', 'NL', 'NO', 'NP', 'NR', 'NZ', 'OM', 'PA', 'PE', 'PG', 'PH', 'PK', 'PL', 'PS', 'PT', 'PW', 'PY', 'QA', 'RO', 'RS', 'RW', 'SA', 'SB', 'SC', 'SE', 'SG', 'SI', 'SK', 'SL', 'SM', 'SN', 'SR', 'ST', 'SV', 'SZ', 'TD', 'TG', 'TH', 'TJ', 'TL', 'TN', 'TO', 'TR', 'TT', 'TV', 'TW', 'TZ', 'UA', 'UG', 'US', 'UY', 'UZ', 'VC', 'VE', 'VN', 'VU', 'WS', 'XK', 'ZA', 'ZM', 'ZW']",1,208306,False,https://api.spotify.com/v1/tracks/7Hqig8kp32q2Ire3ECQvWM,7Hqig8kp32q2Ire3ECQvWM,False,Paparazzi,71,https://p.scdn.co/mp3-preview/7f560db618d884d8abe4eab849fcd5e778892f9a?cid=dbe4eb7f254840e1b3556064214ac2b2,3,track,spotify:track:7Hqig8kp32q2Ire3ECQvWM,Lady Gaga,38,"14,897,662,581","94,739,265",314,1,27,19.09.22
"['AD', 'AE', 'AG', 'AL', 'AM', 'AO', 'AR', 'AT', 'AU', 'AZ', 'BA', 'BB', 'BD', 'BE', 'BF', 'BG', 'BH', 'BI', 'BJ', 'BN', 'BO', 'BR', 'BS', 'BT', 'BW', 'BY', 'BZ', 'CA', 'CD', 'CG', 'CH', 'CI', 'CL', 'CM', 'CO', 'CR', 'CV', 'CW', 'CY', 'CZ', 'DE', 'DJ', 'DK', 'DM', 'DO', 'DZ', 'EC', 'EE', 'EG', 'ES', 'ET', 'FI', 'FJ', 'FM', 'FR', 'GA', 'GB', 'GD', 'GE', 'GH', 'GM', 'GN', 'GQ', 'GR', 'GT', 'GW', 'GY', 'HK', 'HN', 'HR', 'HT', 'HU', 'ID', 'IE', 'IL', 'IN', 'IQ', 'IS', 'IT', 'JM', 'JO', 'JP', 'KE', 'KG', 'KH', 'KI', 'KM', 'KN', 'KR', 'KW', 'KZ', 'LA', 'LB', 'LC', 'LI', 'LK', 'LR', 'LS', 'LT', 'LU', 'LV', 'LY', 'MA', 'MC', 'MD', 'ME', 'MG', 'MH', 'MK', 'ML', 'MN', 'MO', 'MR', 'MT', 'MU', 'MV', 'MW', 'MX', 'MY', 'MZ', 'NA', 'NE', 'NG', 'NI', 'NL', 'NO', 'NP', 'NR', 'NZ', 'OM', 'PA', 'PE', 'PG', 'PH', 'PK', 'PL', 'PS', 'PT', 'PW', 'PY', 'QA', 'RO', 'RS', 'RW', 'SA', 'SB', 'SC', 'SE', 'SG', 'SI', 'SK', 'SL', 'SM', 'SN', 'SR', 'ST', 'SV', 'SZ', 'TD', 'TG', 'TH', 'TJ', 'TL', 'TN', 'TO', 'TR', 'TT', 'TV', 'TW', 'TZ', 'UA', 'UG', 'US', 'UY', 'UZ', 'VC', 'VE', 'VN', 'VU', 'WS', 'XK', 'ZA', 'ZM', 'ZW']",1,241933,False,https://api.spotify.com/v1/tracks/2x7MyWybabEz6Y6wvHuwGE,2x7MyWybabEz6Y6wvHuwGE,False,Just Dance,77,https://p.scdn.co/mp3-preview/e9aeb6d6d57c00cf4c1bf1f2ad4fd915147222b7?cid=dbe4eb7f254840e1b3556064214ac2b2,1,track,spotify:track:2x7MyWybabEz6Y6wvHuwGE,Lady Gaga,38,"14,897,662,581","94,739,265",314,1,27,19.09.22
"['AD', 'AE', 'AG', 'AL', 'AM', 'AO', 'AR', 'AT', 'AU', 'AZ', 'BA', 'BB', 'BD', 'BE', 'BF', 'BG', 'BH', 'BI', 'BJ', 'BN', 'BO', 'BR', 'BS', 'BT', 'BW', 'BY', 'BZ', 'CA', 'CD', 'CG', 'CH', 'CI', 'CL', 'CM', 'CO', 'CR', 'CV', 'CW', 'CY', 'CZ', 'DE', 'DJ', 'DK', 'DM', 'DO', 'DZ', 'EC', 'EE', 'EG', 'ES', 'ET', 'FI', 'FJ', 'FM', 'FR', 'GA', 'GB', 'GD', 'GE', 'GH', 'GM', 'GN', 'GQ', 'GR', 'GT', 'GW', 'GY', 'HK', 'HN', 'HR', 'HT', 'HU', 'ID', 'IE', 'IL', 'IN', 'IQ', 'IS', 'IT', 'JM', 'JO', 'JP', 'KE', 'KG', 'KH', 'KI', 'KM', 'KN', 'KR', 'KW', 'KZ', 'LA', 'LB', 'LC', 'LI', 'LK', 'LR', 'LS', 'LT', 'LU', 'LV', 'LY', 'MA', 'MC', 'MD', 'ME', 'MG', 'MH', 'MK', 'ML', 'MN', 'MO', 'MR', 'MT', 'MU', 'MV', 'MW', 'MX', 'MY', 'MZ', 'NA', 'NE', 'NG', 'NI', 'NL', 'NO', 'NP', 'NR', 'NZ', 'OM', 'PA', 'PE', 'PG', 'PH', 'PK', 'PL', 'PS', 'PT', 'PW', 'PY', 'QA', 'RO', 'RS', 'RW', 'SA', 'SB', 'SC', 'SE', 'SG', 'SI', 'SK', 'SL', 'SM', 'SN', 'SR', 'ST', 'SV', 'SZ', 'TD', 'TG', 'TH', 'TJ', 'TL', 'TN', 'TO', 'TR', 'TT', 'TV', 'TW', 'TZ', 'UA', 'UG', 'US', 'UY', 'UZ', 'VC', 'VE', 'VN', 'VU', 'WS', 'XK', 'ZA', 'ZM', 'ZW']",1,237200,False,https://api.spotify.com/v1/tracks/5R8dQOPq8haW94K7mgERlO,5R8dQOPq8haW94K7mgERlO,False,Poker Face,77,https://p.scdn.co/mp3-preview/612e4cec7566a88dae1a3b1abc51bffeea2aeffc?cid=dbe4eb7f254840e1b3556064214ac2b2,4,track,spotify:track:5R8dQOPq8haW94K7mgERlO,Lady Gaga,38,"14,897,662,581","94,739,265",314,1,27,19.09.22
"['CA', 'MX', 'US']",1,249066,False,https://api.spotify.com/v1/tracks/0QkWikH5Z3U0f79T9iuF6c,0QkWikH5Z3U0f79T9iuF6c,False,Judas,74,https://p.scdn.co/mp3-preview/885c72eda9fcb1ee0efb360e334683c8698ee897?cid=dbe4eb7f254840e1b3556064214ac2b2,4,track,spotify:track:0QkWikH5Z3U0f79T9iuF6c,Lady Gaga,38,"14,897,662,581","94,739,265",314,1,27,19.09.22
"['AD', 'AE', 'AG', 'AL', 'AM', 'AO', 'AR', 'AT', 'AU', 'AZ', 'BA', 'BB', 'BD', 'BE', 'BG', 'BH', 'BI', 'BJ', 'BO', 'BR', 'BS', 'BT', 'BW', 'BZ', 'CA', 'CD', 'CG', 'CH', 'CI', 'CL', 'CM', 'CO', 'CR', 'CV', 'CW', 'CY', 'CZ', 'DE', 'DJ', 'DK', 'DM', 'DO', 'DZ', 'EC', 'EE', 'EG', 'ES', 'ET', 'FI', 'FJ', 'FM', 'FR', 'GA', 'GB', 'GD', 'GE', 'GH', 'GM', 'GN', 'GQ', 'GR', 'GT', 'GW', 'GY', 'HK', 'HN', 'HR', 'HT', 'HU', 'ID', 'IE', 'IL', 'IN', 'IQ', 'IS', 'IT', 'JM', 'JO', 'KE', 'KG', 'KH', 'KI', 'KM', 'KN', 'KR', 'KW', 'KZ', 'LA', 'LB', 'LC', 'LI', 'LK', 'LR', 'LS', 'LT', 'LU', 'LV', 'LY', 'MA', 'MC', 'MD', 'ME', 'MG', 'MH', 'MK', 'ML', 'MN', 'MO', 'MR', 'MT', 'MU', 'MV', 'MW', 'MX', 'MY', 'MZ', 'NA', 'NE', 'NG', 'NI', 'NL', 'NO', 'NR', 'NZ', 'OM', 'PA', 'PE', 'PG', 'PH', 'PK', 'PL', 'PS', 'PT', 'PW', 'PY', 'QA', 'RO', 'RS', 'RW', 'SA', 'SB', 'SC', 'SE', 'SG', 'SI', 'SK', 'SL', 'SM', 'SN', 'SR', 'ST', 'SV', 'SZ', 'TD', 'TG', 'TH', 'TJ', 'TL', 'TN', 'TO', 'TR', 'TT', 'TV', 'TW', 'TZ', 'UA', 'UG', 'US', 'UY', 'VC', 'VE', 'VN', 'VU', 'WS', 'XK', 'ZA', 'ZM', 'ZW']",1,294573,True,https://api.spotify.com/v1/tracks/0SiywuOBRcynK0uKGWdCnn,0SiywuOBRcynK0uKGWdCnn,False,Bad Romance,84,https://p.scdn.co/mp3-preview/ae4df50a71b232ac74a36f326a605f3351c3e1e9?cid=dbe4eb7f254840e1b3556064214ac2b2,1,track,spotify:track:0SiywuOBRcynK0uKGWdCnn,Lady Gaga,38,"14,897,662,581","94,739,265",314,1,27,19.09.22
"['AD', 'AE', 'AG', 'AL', 'AM', 'AO', 'AR', 'AT', 'AU', 'AZ', 'BA', 'BB', 'BD', 'BE', 'BF', 'BG', 'BH', 'BI', 'BJ', 'BN', 'BO', 'BR', 'BS', 'BT', 'BW', 'BY', 'BZ', 'CA', 'CD', 'CG', 'CH', 'CI', 'CL', 'CM', 'CO', 'CR', 'CV', 'CW', 'CY', 'CZ', 'DE', 'DJ', 'DK', 'DM', 'DO', 'DZ', 'EC', 'EE', 'EG', 'ES', 'ET', 'FI', 'FJ', 'FM', 'FR', 'GA', 'GB', 'GD', 'GE', 'GH', 'GM', 'GN', 'GQ', 'GR', 'GT', 'GW', 'GY', 'HK', 'HN', 'HR', 'HT', 'HU', 'ID', 'IE', 'IL', 'IN', 'IQ', 'IS', 'IT', 'JM', 'JO', 'JP', 'KE', 'KG', 'KH', 'KI', 'KM', 'KN', 'KR', 'KW', 'KZ', 'LA', 'LB', 'LC', 'LI', 'LK', 'LR', 'LS', 'LT', 'LU', 'LV', 'LY', 'MA', 'MC', 'MD', 'ME', 'MG', 'MH', 'MK', 'ML', 'MN', 'MO', 'MR', 'MT', 'MU', 'MV', 'MW', 'MX', 'MY', 'MZ', 'NA', 'NE', 'NG', 'NI', 'NL', 'NO', 'NP', 'NR', 'NZ', 'OM', 'PA', 'PE', 'PG', 'PH', 'PK', 'PL', 'PS', 'PT', 'PW', 'PY', 'QA', 'RO', 'RS', 'RW', 'SA', 'SB', 'SC', 'SE', 'SG', 'SI', 'SK', 'SL', 'SM', 'SN', 'SR', 'ST', 'SV', 'SZ', 'TD', 'TG', 'TH', 'TJ', 'TL', 'TN', 'TO', 'TR', 'TT', 'TV', 'TW', 'TZ', 'UA', 'UG', 'US', 'UY', 'UZ', 'VC', 'VE', 'VN', 'VU', 'WS', 'XK', 'ZA', 'ZM', 'ZW']",1,172133,False,https://api.spotify.com/v1/tracks/6qI0MU175Dk2DeoUjlrOpy,6qI0MU175Dk2DeoUjlrOpy,False,911,68,https://p.scdn.co/mp3-preview/8b307335324b0b2d9a42d1dbd96dfb277303217e?cid=dbe4eb7f254840e1b3556064214ac2b2,8,track,spotify:track:6qI0MU175Dk2DeoUjlrOpy,Lady Gaga,38,"14,897,662,581","94,739,265",314,1,27,19.09.22
"['CA', 'MX', 'US']",1,249066,False,https://api.spotify.com/v1/tracks/7rr5DQM980mOF1UtIC4q6v,7rr5DQM980mOF1UtIC4q6v,False,Judas,61,https://p.scdn.co/mp3-preview/bf216441a645b248f2aa1e2a34a4ccc0f26c9baf?cid=dbe4eb7f254840e1b3556064214ac2b2,4,track,spotify:track:7rr5DQM980mOF1UtIC4q6v,Lady Gaga,38,"14,897,662,581","94,739,265",314,1,27,19.09.22
"['AD', 'AE', 'AG', 'AL', 'AM', 'AO', 'AR', 'AT', 'AU', 'AZ', 'BA', 'BB', 'BD', 'BE', 'BG', 'BH', 'BI', 'BJ', 'BO', 'BR', 'BS', 'BT', 'BW', 'BZ', 'CA', 'CD', 'CG', 'CH', 'CI', 'CL', 'CM', 'CO', 'CR', 'CV', 'CW', 'CY', 'CZ', 'DE', 'DJ', 'DK', 'DM', 'DO', 'DZ', 'EC', 'EE', 'EG', 'ES', 'ET', 'FI', 'FJ', 'FM', 'FR', 'GA', 'GB', 'GD', 'GE', 'GH', 'GM', 'GN', 'GQ', 'GR', 'GT', 'GW', 'GY', 'HK', 'HN', 'HR', 'HT', 'HU', 'ID', 'IE', 'IL', 'IN', 'IQ', 'IS', 'IT', 'JM', 'JO', 'JP', 'KE', 'KG', 'KH', 'KI', 'KM', 'KN', 'KR', 'KW', 'KZ', 'LA', 'LB', 'LC', 'LI', 'LK', 'LR', 'LS', 'LT', 'LU', 'LV', 'LY', 'MA', 'MC', 'MD', 'ME', 'MG', 'MH', 'MK', 'ML', 'MN', 'MO', 'MR', 'MT', 'MU', 'MV', 'MW', 'MX', 'MY', 'MZ', 'NA', 'NE', 'NG', 'NI', 'NL', 'NO', 'NR', 'NZ', 'OM', 'PA', 'PE', 'PG', 'PH', 'PK', 'PL', 'PS', 'PT', 'PW', 'PY', 'QA', 'RO', 'RS', 'RW', 'SA', 'SB', 'SC', 'SE', 'SG', 'SI', 'SK', 'SL', 'SM', 'SN', 'SR', 'ST', 'SV', 'SZ', 'TD', 'TG', 'TH', 'TJ', 'TL', 'TN', 'TO', 'TR', 'TT', 'TV', 'TW', 'TZ', 'UA', 'UG', 'US', 'UY', 'VC', 'VE', 'VN', 'VU', 'WS', 'XK', 'ZA', 'ZM', 'ZW']",1,215733,False,https://api.spotify.com/v1/tracks/2VxeLyX666F8uXCJ0dZF8B,2VxeLyX666F8uXCJ0dZF8B,False,Shallow,85,https://p.scdn.co/mp3-preview/9c5a73a90f54c3c961442f4e233ec5e5945ff110?cid=dbe4eb7f254840e1b3556064214ac2b2,12,track,spotify:track:2VxeLyX666F8uXCJ0dZF8B,Lady Gaga,38,"14,897,662,581","94,739,265",314,1,27,19.09.22
"['AD', 'AE', 'AG', 'AL', 'AM', 'AO', 'AR', 'AT', 'AU', 'AZ', 'BA', 'BB', 'BD', 'BE', 'BF', 'BG', 'BH', 'BI', 'BJ', 'BN', 'BO', 'BR', 'BS', 'BT', 'BW', 'BY', 'BZ', 'CA', 'CD', 'CG', 'CH', 'CI', 'CL', 'CM', 'CO', 'CR', 'CV', 'CW', 'CY', 'CZ', 'DE', 'DJ', 'DK', 'DM', 'DO', 'DZ', 'EC', 'EE', 'EG', 'ES', 'ET', 'FI', 'FJ', 'FM', 'FR', 'GA', 'GB', 'GD', 'GE', 'GH', 'GM', 'GN', 'GQ', 'GR', 'GT', 'GW', 'GY', 'HK', 'HN', 'HR', 'HT', 'HU', 'ID', 'IE', 'IL', 'IN', 'IQ', 'IS', 'IT', 'JM', 'JO', 'JP', 'KE', 'KG', 'KH', 'KI', 'KM', 'KN', 'KR', 'KW', 'KZ', 'LA', 'LB', 'LC', 'LI', 'LK', 'LR', 'LS', 'LT', 'LU', 'LV', 'LY', 'MA', 'MC', 'MD', 'ME', 'MG', 'MH', 'MK', 'ML', 'MN', 'MO', 'MR', 'MT', 'MU', 'MV', 'MW', 'MX', 'MY', 'MZ', 'NA', 'NE', 'NG', 'NI', 'NL', 'NO', 'NP', 'NR', 'NZ', 'OM', 'PA', 'PE', 'PG', 'PH', 'PK', 'PL', 'PS', 'PT', 'PW', 'PY', 'QA', 'RO', 'RS', 'RW', 'SA', 'SB', 'SC', 'SE', 'SG', 'SI', 'SK', 'SL', 'SM', 'SN', 'SR', 'ST', 'SV', 'SZ', 'TD', 'TG', 'TH', 'TJ', 'TL', 'TN', 'TO', 'TR', 'TT', 'TV', 'TW', 'TZ', 'UA', 'UG', 'US', 'UY', 'UZ', 'VC', 'VE', 'VN', 'VU', 'WS', 'XK', 'ZA', 'ZM', 'ZW']",1,177600,False,https://api.spotify.com/v1/tracks/41A89rj3GoMG6ktN37L7PG,41A89rj3GoMG6ktN37L7PG,False,Alice,63,https://p.scdn.co/mp3-preview/7c8e860b47c3939869a6e8fc433f0e2a915866e8?cid=dbe4eb7f254840e1b3556064214ac2b2,2,track,spotify:track:41A89rj3GoMG6ktN37L7PG,Lady Gaga,38,"14,897,662,581","94,739,265",314,1,27,19.09.22
